race_id,umaban,tansho_odds,popularity,horse_id,horse_name,pred,kitaiti,買い目,odds_over
202403020702,15,5.9,2,2022105880,ショウナンバージ,0.19490619215150887,1.1499465336939023,福島_02R_15,6.156807984156752
202403020712,1,3.0,1,2021101322,イサチルカゼニタツ,0.3342862518460239,1.0028587555380717,福島_12R_1,3.5897378171350396
202410030705,9,5.8,3,2022105421,コンフォルツァ,0.1841043691325504,1.0678053409687924,小倉_05R_9,6.518041943567514
202410030711,7,5.9,2,2020105750,マイネルメモリー,0.18857800868931301,1.112610251266947,小倉_11R_7,6.36341431506486
202410030712,8,5.3,1,2020102326,サンライズプルート,0.19061017758383664,1.0102339411943342,小倉_12R_8,6.2955714915705405
202401010105,13,4.0,1,2022100126,イフウドウドウ,0.2603774397009622,1.0415097588038489,札幌_05R_13,4.608694214745231
