race_id,umaban,tansho_odds,popularity,horse_id,horse_name,pred,kitaiti,買い目,odds_over
202403020801,6,5.3,2,2019100522,ノアチェリー,0.19061017758383664,1.0102339411943342,福島_01R_6,6.2955714915705405
202403020805,8,6.4,3,2022106773,マイネルラファール,0.1838316982345534,1.1765228687011418,福島_05R_8,6.527709919041837
202403020811,13,4.9,2,2019105859,エーティーマクフィ,0.209020622987038,1.0242010526364862,福島_11R_13,5.741060297549757
202410030804,18,9.3,3,2021106977,ゼンノクレバー,0.18009539656328893,1.6748871880385872,小倉_04R_18,6.663135332158794
202410030809,14,5.7,2,2019106821,ファベル,0.17800749063408688,1.0146426966142952,小倉_09R_14,6.741289345327193
202401010212,3,5.1,1,2020103270,ダミエ,0.21373240036015853,1.0900352418368084,札幌_12R_3,5.614497371376033
